target,clin_size_long_diam_mm,tbp_lv_areaMM2,tbp_lv_area_perim_ratio,tbp_lv_color_std_mean,tbp_lv_deltaLBnorm,tbp_lv_minorAxisMM,tbp_lv_norm_border,tbp_lv_norm_color,tbp_lv_radial_color_std_max
0.0,3.4,3.265153,24.18462,0.0,6.290359,1.194905,4.798335,0.0,0.0
0.0,3.22,6.07993995121036,14.8892416135771,0.514520296995049,6.40019612363943,2.48132784072667,1.97587443743163,1.77170459478913,0.66468987772986
0.0,3.74,5.42315631450554,22.5172845465924,0.486497195564571,7.34668962624627,2.02165028820299,4.83624008118697,1.25819875528952,0.355595996026473
0.0,4.31,9.87052,23.34433,0.8399444,5.176521,3.273682,3.949403,2.757602,0.9969645
0.0,3.97,8.40683054982173,15.9103084312058,0.610791054178527,7.73379268487764,2.6027397260274,1.93573597055928,1.90155025967989,0.657096109307971
0.0,4.25,9.945581,20.95947,1.613667,7.781181,3.109699,3.754508,5.776974,2.228904