{
    "promedios": [
        0.000817088345085027,
        3.434742845292217,
        6.05594191477548,
        18.062297632744134,
        0.9110817432162494,
        7.366479259561006,
        2.214324947019065,
        3.253999162104805,
        2.6540635310672505,
        0.861095780766473
    ],
    "desviaciones": [
        0.02857313594918173,
        0.8636164543925416,
        3.1365120669780633,
        3.6776836532756545,
        0.5799407176556559,
        2.152412375491061,
        0.6642799853375254,
        1.419840737228823,
        1.6422087339714428,
        0.5491771011954836
    ],
    "Asimetria": {
        "vectorPropio": [
            0.7071067811866614,
            0.7071067811864336
        ],
        "media": [
            8.017875040797537e-14,
            -1.3630844367879425e-13
        ]
    },
    "Borde": {
        "vectorPropio": [
            0.70710678118655,
            0.7071067811865449
        ],
        "media": [
            -1.3630844367879425e-13,
            -1.732922667522887e-14
        ]
    },
    "Color": {
        "vectorPropio": [
            0.528877289492563,
            0.40729138486689714,
            0.5370199995631181,
            0.5157635703899932
        ],
        "media": [
            -1.7420468496461275e-14,
            7.914034421575194e-14,
            5.175085209434823e-16,
            1.625401136326406e-14
        ]
    },
    "Diametro": {
        "vectorPropio": [
            0.7071067811865639,
            0.7071067811865311
        ],
        "media": [
            2.2315710089069734e-13,
            -2.3591542471343115e-13
        ]
    },
    "coeficientes": {
        "terminoIndependiente": 0.0008170883450850248,
        "Asimetria": 0.03468360997872811,
        "Borde": -0.01395855049784273,
        "Color": 0.0006640027839762926,
        "Diametro": -0.018711936542139995
    }
}