{
    "promedios": [
        0.0006890448858528942,
        3.955877238084303,
        8.626383141872125,
        19.052997953459048,
        1.0776789497811687,
        7.675518232618807,
        2.5449166518056723,
        3.4527523151897266,
        3.0849121915344764,
        1.0086115889645109
    ],
    "desviaciones": [
        0.026240665224301147,
        1.7715892643386137,
        9.85873906139436,
        5.3779651245563285,
        0.7892753964542302,
        2.545224664609628,
        1.189693225217179,
        1.7391597458529817,
        2.0875099793500684,
        0.7501211370828585
    ],
    "Asimetria": {
        "vectorPropio": [
            0.7071067811864634,
            0.7071067811866316
        ],
        "media": [
            3.240468341122466e-14,
            6.833987472046397e-15
        ]
    },
    "Borde": {
        "vectorPropio": [
            0.7071067811865475,
            0.7071067811865476
        ],
        "media": [
            6.833987472046397e-15,
            -2.6668210752030935e-14
        ]
    },
    "Color": {
        "vectorPropio": [
            0.5288527625561277,
            0.414754482002345,
            0.533363326738872,
            0.5136312265485441
        ],
        "media": [
            -4.944271799283581e-15,
            2.943837879849298e-14,
            2.0644144029878242e-14,
            1.6333115984845833e-14
        ]
    },
    "Diametro": {
        "vectorPropio": [
            0.707106781186462,
            0.707106781186633
        ],
        "media": [
            -3.256120496398266e-14,
            -2.895384294565222e-13
        ]
    },
    "coeficientes": {
        "terminoIndependiente": 0.0006890448858528942,
        "Asimetria": 0.0028543475671501143,
        "Borde": -0.0011695954549625419,
        "Color": 0.00030841526033877444,
        "Diametro": -0.0011611015924027428
    },
    "umbral": 0.001215820016173999
}